{
  "numeric_features": ["Term", "NoEmp", "log_loan_amt"],
  "binary_features": ["new_business", "low_doc", "urban_flag"],
  "categorical_features": ["NAICS_2", "ApprovalFY"],

  "scaler_mean": [110.95795769, 11.43791909, 11.48909249],
  "scaler_scale": [78.93269788, 75.78947895, 1.24557916],

  "ohe_categories": {
    "NAICS_2": ["11", "21", "22", "23", "31", "32", "33", "42", "44", "45",
                "48", "49", "51", "52", "53", "54", "55", "56", "61", "62",
                "71", "72", "81", "92", "Un"],
    "ApprovalFY": [0, 1966, 1968, 1969, 1970, 1971, 1972, 1973, 1974, 1975,
                   1976, 1977, 1978, 1979, 1980, 1981, 1982, 1983, 1984,
                   1985, 1986, 1987, 1988, 1989, 1990, 1991, 1992, 1993,
                   1994, 1995, 1996, 1997, 1998, 1999, 2000, 2001, 2002,
                   2003, 2004, 2005, 2006, 2007, 2008, 2009, 2010, 2011,
                   2012, 2013, 2014]
  }
}
